Risk,Profession,Age,DDL,Name,Email,Phone,Birthday
2,6,3,-1,Hope,Hope_Whinter6332@nanoff.biz,0-325-757-8047,1/13/1904
3,6,2,-1,Javier,Javier_Lane1196@bulaffy.com,6-843-267-6708,2/20/1278
2,1,3,-1,Hayden,Hayden_Brennan7478@bungar.biz,1-635-320-3228,12/7/8259
2,1,2,-1,Mason,Mason_Flanders7775@vetan.org,8-868-080-3242,8/11/5605
0,4,5,-1,Leroy,Leroy_Milner3198@gembat.biz,5-146-782-5875,4/10/4537
1,3,4,-1,Carl,Carl_Drummond1235@womeona.net,6-771-613-8543,6/15/9110
0,5,4,-1,Scarlett,Scarlett_Jefferson154@bungar.biz,2-337-460-4088,3/25/0479
1,5,5,-1,Jenna,Jenna_Cox9626@ovock.tech,8-234-468-7787,6/9/2378
1,7,5,-1,Dalia,Dalia_Young2893@deons.tech,6-787-001-8437,2/3/2672
3,1,1,-1,Stacy,Stacy_Eddison9745@zorer.org,2-847-445-3827,11/17/6989
2,7,5,-1,Chanelle,Chanelle_Fall6541@zorer.org,8-441-217-8704,8/1/1683
3,3,2,-1,Mike,Mike_Edler6371@typill.biz,3-333-841-1267,10/16/0569
2,6,6,-1,Caydence,Caydence_Fisher2976@acrit.org,4-652-760-6767,7/21/8386
3,2,6,-1,Peter,Peter_Russel9881@ubusive.com,2-438-381-6107,4/24/1851
2,1,1,-1,Andrea,Andrea_Wigley891@deons.tech,7-563-647-1728,9/15/2668
2,0,4,-1,Esmeralda,Esmeralda_Salt4008@ovock.tech,8-322-066-0420,7/21/8106
0,4,2,-1,Bart,Bart_Blythe2668@kideod.biz,7-374-543-0174,6/9/3221
2,6,5,-1,Aurelia,Aurelia_Gordon5815@bauros.biz,0-030-378-7073,12/3/7090
3,0,4,-1,Johnny,Johnny_Davies4353@iatim.tech,4-281-223-3704,4/29/5631
3,5,1,-1,Hank,Hank_Robinson2302@supunk.biz,3-700-703-2575,2/17/1329